Source,Hindi,Transliteration,Meaning
Basic Hindi,नमस्ते,namaste,Hello
Basic Hindi,क्या,kyaa,What
Basic Hindi,हाल,haal,Condition/Situation
Basic Hindi,सब,sab,All
Basic Hindi,ठीक,Thiik,Okay
Basic Hindi,और,aur,And
Basic Hindi,तुम,tum,You (Informal)
Basic Hindi,मैं,main,I
Basic Hindi,भी,bhii,too
Basic Hindi,चलना,chalanaa,to walk/to go
Basic Hindi,फिर,phir,again
Basic Hindi,परिचय,parichay,Introduction
Basic Hindi,आपका,aapkaa,Your (Honorific/Formal)
Basic Hindi,नाम,naam,Name
Basic Hindi,मेरा,meraa,My
Basic Hindi,कहाँ,kahaan,Where
Basic Hindi,आप,aap,You (Honorific/Formal)
Basic Hindi,कितना,kitnaa,How much/many
Basic Hindi,साल,saal,year
Basic Hindi,उम्र,umr,Age
Basic Hindi,यह,ye,"S/he, This"
Basic Hindi,लड़का,laRakaa,Boy
Basic Hindi,कौन,kaun,Who
Basic Hindi,अच्छा,achchhaa,Good/Well
Basic Hindi,धन्यवाद,dhanyawaad,Thanks
Basic Hindi,ख़ुशी,khushii,Happiness
Basic Hindi,मुझे,mujhe,To me (Dative case form of I)
Basic Hindi,अंग्रेज़ी,angrezii,English
Basic Hindi,राजनीति शास्त्र,raajniiti,shaastr Political Science
Basic Hindi,अर्थ शास्त्र,arth,shaastr Economics
Basic Hindi,प्रिय,priye,Dear
Basic Hindi,मेज़बान,mezabaan,Host
Basic Hindi,परिवार,pariwaar,Family
Basic Hindi,बाईस,baaiis,twenty two
Basic Hindi,साल,saal,year
Basic Hindi,विश्वविद्यालय,vishwa-vidyaalay,University
Basic Hindi,छात्रा,chhaatraa,Student (female)
Basic Hindi,मेरा,meraa,My
Basic Hindi,मेजर,major,Major
Basic Hindi,संगीत,sangiit,Music
Basic Hindi,राज्य,raajy,State
Basic Hindi,मगर,magar,But
Basic Hindi,रहना,rahanaa,To live
Basic Hindi,लोग,log,People
Basic Hindi,मिलना,milanaa,To meet
Basic Hindi,बहुत,bahut,Very
Basic Hindi,उत्साहित,utsaahit,Excited
Basic Hindi,आपकी,aapakii,Yours
Basic Hindi,अतिथी,atithii,Guest
Basic Hindi,परिवार,parivAra,Family
Basic Hindi,रिश्तेदार,rishtedAra,Relative
Basic Hindi,माँ / माता,mA.N / mAtA,Mother
Basic Hindi,पिता,pitA,Father
Basic Hindi,भाई,bhAI,Brother
Basic Hindi,भाभी,bhAbhI,Brother's wife Brother's wife
Basic Hindi,बहन / बहिन,bahana / bahina,Sister
Basic Hindi,बहनोई,bahanoI,Sister’s husband
Basic Hindi,दादा,dAdA,Paternal Grand father
Basic Hindi,दादी,dAdI,Paternal Grand mother
Basic Hindi,नाना,nAnA,Maternal Grand father
Basic Hindi,नानी,nAnI,Maternal Grand mother
Basic Hindi,चाचा,chAchA,Father’s brother
Basic Hindi,चाची,chAchI,Father’s brother’s wife
Basic Hindi,बुआ,buA,Father’s sister
Basic Hindi,फूफा,phUphA,Father’s sister’s husband
Basic Hindi,मामा,mAmA,Mother’s brother
Basic Hindi,मामी,mAmI,Mother’s brother’s wife
Basic Hindi,मौसी,mausI,Mother’s sister
Basic Hindi,मौसा,mausA,Mother’s sister’s husband
Basic Hindi,चचेरा भाई /चचेरी  बहन,chacherA bhAI /chacherI  bahana,Cousin brother-sister (kids of चाचा-चाची)
Basic Hindi,फूफेरा भाई /फूफेरी  बहन,phUpherA bhAI /phUpherI  bahana,Cousin brother-sister (kids of बुआ-फूफा)
Basic Hindi,ममेरा भाई / ममेरी बहन,mamerA bhAI / mamerI bahana,Cousin brother-sister (kids of मामा-मामी )
Basic Hindi,मौसेरा भाई / मौसेरी बहन,mauserA bhAI / mauserI bahana,Cousin brother-sister (kids of मौसा-मौसी )
Basic Hindi,सौतेला भाई / सौतेली बहन,sautelA bhAI / sautelI bahana,Half brother/sister Half brother/sister
Basic Hindi,पालतू कुत्ता / बिल्ली,pAlatU kuttA / billI,Pet dog / cat
Basic Hindi,पति,pati,Husband
Basic Hindi,पत्नी,patnI,Wife
Basic Hindi,बेटा,beTA,Son
Basic Hindi,बेटी,beTI,Daughter
Basic Hindi,बहू,bahU,Daughter-in-law
Basic Hindi,दामाद,dAmAda,Son-in-law
Basic Hindi,सास,sAsa,Mother-in-law
Basic Hindi,ससुर,sasura,Father-in-law
Basic Hindi,साला,sAlA,Brother-in-law (from the husband’s point of view)
Basic Hindi,साली,sAlI,Sister-in-law (from the husband’s point of view)
Basic Hindi,देवर,devara,Brother-in-law (from the wife’s point of view)
Basic Hindi,देवरानी,devarAnI,Wife of a brother-in-law (from the wife’s point of view)
Basic Hindi,ननद,nanada,Sister-in-law (from the wife’s point of view)
Basic Hindi,ननदोई,nanadoI,Husband of sister-in-law (from the wife’s point of view)
Basic Hindi,मेरा,merA,My
Basic Hindi,हमारा,hamArA,Our
Basic Hindi,तेरा,terA,Your
Basic Hindi,तुम्हारा,tumhArA,Your
Basic Hindi,आपका,ApakA,Your
Basic Hindi,इसका / उसका,isakA / usakA,His / Her
Basic Hindi,इनका / उनका,inakA / unakA,Their
Basic Hindi,किसका,kisakA,Whose (for singular)
Basic Hindi,किनका,kinakA,Whose (for plural)
Basic Hindi,छोटा,ChoTA,Small / Younger
Basic Hindi,बड़ा,barA,Big / Older
Basic Hindi,प्यारा,pyArA,Lovely
Basic Hindi,सुखी,sukhI,Happy
Basic Hindi,दुखी,dukhI,Sad
Basic Hindi,स्वच्छ,svachCha,Clean
Basic Hindi,साफ़,sAf,Clean
Basic Hindi,शुद्ध,shuddha,Pure
Basic Hindi,गन्दा,gandA,Dirty
Basic Hindi,कुशल,kushala,Skilled
Basic Hindi,अकुशल,akushala,Unskilled
Basic Hindi,अभियंता,abhiyaMtA,Engineer
Basic Hindi,सरल,sarala,Simple / Easy
Basic Hindi,मुश्किल,mushkila,Difficult/ Hard
Basic Hindi,महिला,mahilA,Woman
Basic Hindi,पुरुष,puruSha,Man
Basic Hindi,अच्छा,achChA,Good
Basic Hindi,बुरा,burA,Bad
Basic Hindi,ख़राब,khrAba,Bad
Basic Hindi,अध्यापिका,adhyApikA,Female teacher
Basic Hindi,होशियार,hoshiyAra,Intelligent
Basic Hindi,तेज़,teza,Intelligent / Fast/ clever
Basic Hindi,चतुर,chatura,Clever
Basic Hindi,मूर्ख,mUrkha,Foolish
Basic Hindi,सुन्दर,sundara,Beautiful
Basic Hindi,ख़ूबसूरत,khUbasUrata,Beautiful
Basic Hindi,बदसूरत,badasUrata,Ugly
Basic Hindi,कुरूप,kurUpa,Ugly
Basic Hindi,लंबा,laMbA,Tall
Basic Hindi,नाटा,nATA,Short (in height)
Basic Hindi,बूढ़ा /बूढ़ी,bUrhA /bUrhI,Old (For animate nouns)
Basic Hindi,पुराना / पुरानी,purAnA / purAnI,Old (For inanimate nouns)
Basic Hindi,सदस्य,sadasya,Member
Basic Hindi,लोग,loga,People
Basic Hindi,त्योहार,tyohAra,Festival
Basic Hindi,कुछ,kuCha,Some
Basic Hindi,धनी / अमीर,dhanI / amIra,Rich
Basic Hindi,निर्धन /गरीब,nirdhana /garIba,Poor
Basic Hindi,मोटा,moTA,Fat/Big
Basic Hindi,पतला,patalA,Thin
Basic Hindi,ईमानदार,ImAnadAra,Honest
Basic Hindi,बेईमान,beImAna,Dishonest
Basic Hindi,व्यापारी,vyApArI,Business man/woman
Basic Hindi,कुँवारी / कुँवारा,ku.NvArI / ku.NvArA,Unmarried woman/man
Basic Hindi,शादीशुदा,shAdIshudA,Married
Basic Hindi,मेहनती,mehanatI,Hard-working
Basic Hindi,आलसी,AlasI,Lazy
Basic Hindi,सामाजिक,sAmAjika,Social
Basic Hindi,कार्यकर्ता,kAryakartA,Worker
Basic Hindi,प्रसिद्ध,prasiddha,Famous
Basic Hindi,मशहूर,mashahUra,Famous
Basic Hindi,बदनाम,badanAma,Infamous
Basic Hindi,गायिका,gAyikA,Female singer
Basic Hindi,किसान,kisAna,Farmer
Basic Hindi,गृहिणी,gRRihiNI,House wife
Basic Hindi,दरवाज़ा,daravAzA,door बैठक n.f. Living room रसोई n.f. Kitchen
Basic Hindi,गलियारा,galiyArA,Corridor/Hallway पढ़ाई का कमरा n.m. Study room फ़र्श n.m. Floor
Basic Hindi,सीढ़ी,sIrhI,Staircase सोने का कमरा n.m. Bedroom खिड़की n.f. Window
Basic Hindi,छत,Chata,Roof छज्जा n.m. Balcony बगीचा n.m. Garden
Basic Hindi,शौचालय,shauchAlaya,Toilet स्नानघर n.m. Shower/Bathroom भोजन कक्ष (खाने का कमरा) n.m. dinning
Basic Hindi,दरी,darI,Rug बिस्तर n.m. Bed कुर्सी  n.f. Chair
Basic Hindi,मेज़,mez,Table सोफ़ा n.m. Sofa अलमारी n.f. Wardrobe
Basic Hindi,किताब,kitAba,Book पौधा n.m. Plant तस्वीर n.f. Picture
Basic Hindi,परदा,paradA,Curtain बत्ती n.f. Light bulb पंखा n.m. Fan
Basic Hindi,फूलदान/ गुलदस्ता,phUladAna/ guladastA,Flower vase घड़ी n.f. clock/watch आईना n.f. Mirror
Basic Hindi,सड़क,sarka,Road राजमार्ग n.m. Highway बस अड्डा n.m. Bus station
Basic Hindi,रेलवे स्टेशन,relave sTeshana,Railway station हवाईअड्डा n.m. Airport नदी n.f. River
Basic Hindi,तालाब,tAlAba,Pond झील n.f. Lake पहाड़ n.m. Mountain
Basic Hindi,सिनेमा घर,sinemA ghara,Cinema hall बैंक n.m. Bank मैदान n.m. Sports field
Basic Hindi,बाज़ार,bAzAra,Market दुकान n.f. Shop भोजनालय n.m. Restaurant
Basic Hindi,होटल,hoTala,Hotel भवन n.m./इमारत n.f. Building अस्पताल n.m. Hospital
Basic Hindi,कार्यालय,kAryAlaya,Office डाकघर n.m. Post office पुलिस थाना n.m. Police station
Basic Hindi,चिड़ियाघर,chiriyAghara,Zoo पुस्तकालय n.m. Library संग्रहालय n.m. Museum
Basic Hindi,पुल,pula,Bridge मॉल n.m. Shopping mall स्कूल/ विद्यालय n.m. School
Basic Hindi,विश्वविद्यालय,vishvavidyAlaya,University कॉलेज/महाविद्यालय n.m. College पेट्रोल पम्प n.m. Gas station
Basic Hindi,मूली,mUlI,Radish
Basic Hindi,पालक,pAlaka,Spinach
Basic Hindi,करेला,karelA,Bitter gourd
Basic Hindi,मगर,magara,If
Basic Hindi,मौसम,mausama,Weather
Basic Hindi,महँगा,maha.NgA,Expensive
Basic Hindi,बहुत,bahuta,Very
Basic Hindi,दाम,dAma,Cost
Basic Hindi,आयात,AyAta,Import
Basic Hindi,राज्य,rAjya,State
Basic Hindi,बाज़ार,bAzAra,Market
Basic Hindi,आधा,AdhA,Half
Basic Hindi,फल,phala,Fruit
Basic Hindi,दर्जन,darjana,Dozen
Basic Hindi,केला,kelA,Banana
Basic Hindi,सेब,seba,Apple
Basic Hindi,भोजनालय,bhojanAlaya,Restaurant
Basic Hindi,स्वागत,svAgata,Welcome
Basic Hindi,ख़ाली,khAlI,Available
Basic Hindi,दृश्य,dRRishya,Scene
Basic Hindi,पानी,pAnI,Water
Basic Hindi,हरी,harI,Green
Basic Hindi,सब्ज़ी,sabzI,Vegetable
Basic Hindi,स्वादिष्ट,svAdiShTa,Delicious
Basic Hindi,सुबह,subaha,Morning सवा adj. 1.15 AM/PM
Basic Hindi,दोपहर,dopahara,Afternoon डेढ़ adj. 1:30 AM/PM
Basic Hindi,शाम,shAma,Evening ढ़ाई adj. 2:30 AM/PM
Basic Hindi,रात,rAta,Night सवा दो phrase 2:15 AM/PM
Basic Hindi,दिन,dina,Day साढ़े तीन phrase 3:00 AM/PM
Basic Hindi,रविवार,ravivAra,Sunday पौने चार phrase 03:45 AM/PM
Basic Hindi,सोमवार,somavAra,Monday x के पहले pp. Before X
Basic Hindi,मंगलवार,maMgalavAra,Tuesday x के बाद pp. After X
Basic Hindi,बुधवार,budhavAra,Wednesday सप्ताह n.m. Week
Basic Hindi,गुरूवार,gurUvAra,Thursday सप्ताहांत n.m. Weekend
Basic Hindi,शुक्रवार,shukravAra,Friday महीना n.m. Month
Basic Hindi,शनिवार,shanivAra,Saturday वर्ष n.m./साल n.m. Year
Basic Hindi,बजे,baje,O’clock कितने बजे phrase At what time
Basic Hindi,दोस्त,dosta,Friend x की तरफ़ pp. Towards X
Basic Hindi,आशा,AshA,Hope तेज़ी से adv. Fast
Basic Hindi,विशेष,visheSha,Special दौड़ना v.i. To run
Basic Hindi,कारण,kAraNa,Reason बचाना v.t. To save
Basic Hindi,वापस,vApasa,Return उठाना v.t. To lift
Basic Hindi,बाहर,bAhara,Out पैर n.m. Leg
Basic Hindi,पिछ्ला,piChlA,Last गिरना v.i. To fall
Basic Hindi,चचेरी बहन,chacherI bahana,Paternal uncle’s daughter पड़ना v.i. To lie down
Basic Hindi,शादी,shAdI,Marriage सुरक्षित adj. Safe
Basic Hindi,ख़ुश,khusha,Happy दर्द n.m. Pain
Basic Hindi,तैयारी,taiyArI,Preparation महशूस करना v.t. To feel
Basic Hindi,धूम-धाम,dhUma-dhAma,Grandeur अस्पताल n.m. Hospital
Basic Hindi,गोलगप्पा,golagappA,An Indian snacks हड्डी n.f. Bone
Basic Hindi,छोटा,ChoTA,Small इलाज़ करना v.t. To treatment
Basic Hindi,बच्चा,bachchA,Child आराम n.m. Rest
Basic Hindi,सड़क,sarka,Road हिदायत देना v.t. To instruct
Basic Hindi,स्वतंत्रता दिवस,svataMtratA divasa,Independence day क्योंकि conj. Because
Basic Hindi,हार्दिक,hArdika,Hearty राष्ट्रीय adj. National
Basic Hindi,शुभकामनाएँ,shubhakAmanAe.N,Congratulations त्योहार n.m. Festival
Basic Hindi,ऐतिहासिक,aitihAsika,Historical नि:शुल्क adj. Free
Basic Hindi,स्थान,sthAna,Place क्षेत्रीय adj. Regional
Basic Hindi,शायद,shAyada,Perhaps गणतंत्रता दिवस n.m. Republic day
Basic Hindi,कोई,koI,Someone ख़ुशी adj. Happiness
Basic Hindi,योजना,yojanA,Plan जन्मदिन n.m. Birthday
Basic Hindi,आदरणीय,AdaraNIya,Respected भाग्यशाली adj. Fortunate आकर्षित करना v.t. To attract
Basic Hindi,माँ,mA.N,Mother x के साथ pp. With x राज्य n.m. State
Basic Hindi,आशा,AshA,Hope रहना v.i. To stay अलग adj. Different/
Basic Hindi,कुशलता,kushalatA,"Well, efficient अवसर मिलना v.i. To get an"
Basic Hindi,आगे,Age,Ahead मदद करना v.t. To help मानना v.t. To suppose/To
Basic Hindi,पत्र,patra,Letter छोड़ना v.t. To leave देश n.m. Country
Basic Hindi,विशेष,visheSha,Special थोड़ा adj. A little आम तौर से/पर adv. Generally
Basic Hindi,कारण,kAraNa,Reason मुश्किल adj. Difficult बहुभाषी adj. Multilingual
Basic Hindi,पढ़ाई,parhAI,Study लगना v.i. To feel/appear मिठाई n.f. Sweets
Basic Hindi,वापस,vApasa,Return हृदय n.m. Heart कपड़ा n.m. Cloth
Basic Hindi,पहली बार,pahalI bAra,First time ऐतिहासिक adj. Historical शीघ्र adv. Soon
Basic Hindi,भाषा,bhAShA,Language धार्मिक adj. Religious अवश्य adv. Certainly
Basic Hindi,संस्कृति,saMskRRiti,Culture पर्यटन n.m. Tourism बताना v.t. To tell
Basic Hindi,जानकारी,jAnakArI,Information यात्रा n.f. Travel प्यार n.m. Love
Basic Hindi,बहुत,bahuta,Much/Very विविधता n.f. Diversity बेटी n.f. Daughter
Daily Conversation,आपका नाम क्या है,aapkaa naam kyaa hai,What is your name
Daily Conversation,मेरा नाम शिल्पा है| और आपका,merA nAma shilpA hai| aura ApakA,meraa naam shilpaa hai. aur
Daily Conversation,मेरा नाम विद्या है,meraa naam Vidya hai,My name is Vidya
Daily Conversation,आप कहाँ से हैं,aap kahaan se hain,Where are you from
Daily Conversation,मैं मिशिगन से हूँ | आप कहाँ से हैं,maiM mishigana se hU.N | Apa kahA.N se haiM,main Michigan se hoon. aap kahaan
Daily Conversation,मैं शिकागो से हूँ,main Chicago se hoon,I am from Chicago
Daily Conversation,आप कितने साल की हैं,aap kitane saal kii hain,How old are you
Daily Conversation,मैं बीस साल की हूँ| आपकी उम्र कितनी है,maiM bIsa sAla kI hU.N| ApakI umra kitanI hai,main biis saal kii hoon. aapkii umr
Daily Conversation,मैं इक्कीस (साल) की हूँ,main ikkiis (saal) kii hoon,I am 21
Daily Conversation,आपका मेजर क्या है,aapkaa major kyaa hai,What is your major
Daily Conversation,मेरा मेजर अंग्रेज़ी है| और आपका,merA mejara aMgrezI hai| aura ApakA,meraa major angrezii hai. aur
Daily Conversation,मेरा मेजर राजनीति शास्त्र है,meraa major raajaniiti shaastra hai,My major is Political science
Daily Conversation,यह लड़का कौन है,ye laRakaa kaun hai,Who is this boy
Daily Conversation,यह पीटर है,ye Peter hai,He is Peter
Daily Conversation,नमस्ते पीटर,namaste Peter,Hello Peter
Daily Conversation,नमस्ते ! आपका नाम क्या है,namaste! aapkaa naam kyaa hai,Hello! What is your name
Daily Conversation,मैं विद्या हूँ| आप कैसे हैं,main vidyaa hoon. aap kaise hain,I am Vidya. How are you
Daily Conversation,मैं अच्छा हूँ| और आप,main achchhaa hoon. aur aap,I am well. and you
Daily Conversation,"मैं भी अच्छी हूँ, धन्यवाद ! आपकी उम्र कितनी है",",  !    ? main bhii achchhii hoon,",Thanks
Daily Conversation,मैं उन्नीस साल का हूँ| आपका मेजर क्या है,maiM unnIsa sAla kA hU.N| ApakA mejara kyA hai,main unniis saal kaa hoon. aapakaa
Daily Conversation,"मेरा मेजर अंग्रेज़ी है, और आपका","merA mejara aMgrezI hai, aura ApakA",",  ? meraa major angrezii hai, aur"
Daily Conversation,मेरा भी,meraa bhii,Mine too
Daily Conversation,आप से मिलकर ख़ुशी हुई,aap se milakar khushii huii,Nice to meet you
Daily Conversation,"मुझे भी, नमस्ते",",  ! mujhe bhii, namaste","Me too, Bye"
Daily Conversation,क्या हाल है,kyaa haal hai,How are you
Daily Conversation,सब ठीक है | और तुम,sab Thiik hai. aur tum,All is well. and you
Daily Conversation,मैं भी ठीक हूँ,main bhii Thiik hoon,I am well too
Daily Conversation,क्लास चलें,class chalen,Should we go to class
Daily Conversation,चलो,chalo,Let’s go
Daily Conversation,"फिर मिलेंगे, नमस्ते",",  ! phir milenge, namaste","See you again, Bye"
Daily Conversation,"ठीक है, नमस्ते",",","Thiik hai, namaste! Okay, Bye"
Daily Conversation,हेलो पीटर! क्या चल रहा है,helo pITara! kyA chala rahA hai,Hello Peter! kyaa chal rahaa hai? Hello Peter! What is going
Daily Conversation,"नमस्ते शिल्पा, सब ठीक है| क्या हाल है?  ,   |   ? namaste Shilpaa, sab Thiik hai","namaste shilpA, saba ThIka hai| kyA hAla hai?  ,   |   ? namaste Shilpaa, sab Thiik hai",kyaa haal
Daily Conversation,"सब ठीक है| अच्छा, आपका ई.मेल एड्रेस क्या","saba ThIka hai| achChA, ApakA I.mela eDresa kyA",","
Daily Conversation,आपका फ़ोन नंबर क्या है,aapkaa phone number kyaa hai,What is your phone
Daily Conversation,मेरा फ़ोन नंबर   555-xxx-xxxx है| और आपका,merA fona naMbara   555-xxx-xxxx hai| aura ApakA,meraa phone number 555-xxx-xxxx hai
Daily Conversation,मेरा फ़ोन नंबर   555-xxx-xxxx है,meraa phone number 555-xxx-xxx hai,My phone number is
Daily Conversation,"धन्यवाद ! फिर मिलेंगे, नमस्ते |  !  ,","dhanyawaad! phir milenge, namaste","Thanks! See you again, Bye"
Daily Conversation,"अच्छा, बाय",", ! achchhaa, bye","Okay, Bye"
Daily Conversation,"नमस्ते, अध्यापक जी,","namaste, adhyApaka jI,","namaste, adhyaapak ji Hello Sir"
Daily Conversation,"नमस्ते, विद्या जी| आप कैसी हैं ? ,","namaste,",Vidya ji. aap kaisii hain? Hello Vidya ji. How are
Daily Conversation,मैं अच्छी हूँ| धन्यवाद | आप कैसे हैं,main achchhii hoon,Dhanyawaad. aap
Daily Conversation,"मैं भी ठीक हूँ | फिर मिलेंगे, नमस्ते |     |  ,","maiM bhI ThIka hU.N | phira mileMge, namaste |     |  ,","main bhii Thiik hoon. phir milenge,"
Daily Conversation,"फिर मिलेंगे, नमस्ते |  ,","phir milenge, namaste","See you again, bye"
Daily Conversation,नमस्ते पीटर ! आप कैसे हैं ? Shilpa,Hello Peter,How are you
Daily Conversation,"नमस्ते शिल्पा, मैं अच्छा हूँ, धन्यवाद | और आप ? Peter","Hello Shilpa,","I am well, thanks. And you"
Daily Conversation,"मैं भी ठीक हूँ | धन्यवाद | चलिये, काम शुरू करते  हैं | Shilpa",I am okay too,Thanks. Let’s start the work
Daily Conversation,"ठीक है| बताइये, आपका परिवार कहाँ रहता है ? Peter",Okay,"Please tell, where does your family live"
Daily Conversation,मेरा परिवार शिकागो में रहता है | और आपका ? Shilpa,My family lives in Chicago,And yours
Daily Conversation,मेरा परिवार डेट्रॉइट में है | Peter,merA parivAra DeTraॉiTa meM hai | Peter,My family lives in Detroit
Daily Conversation,आपकी माता जी का नाम क्या है ? Shilpa,ApakI mAtA jI kA nAma kyA hai ? Shilpa,What is your mother’s name
Daily Conversation,मेरी माँ का नाम लिज़ है | आपकी माँ का नाम क्या है? Peter:My,mother’s name is Liz,What is your
Daily Conversation,मेरी माँ का नाम देवकी पटेल है | आपकी माँ क्या करती हैं ? Shilpa,My mother’s name is Devaki Patel,What
Daily Conversation,मेरी माँ एक विद्यालय में अध्यापिका हैं | और आपकी माँ ? Peter,merI mA.N eka vidyAlaya meM adhyApikA haiM | aura ApakI mA.N ? Peter,My mother is a school teacher. and your
Daily Conversation,मेरी माँ एक गृहिणी हैं | आपके पिता जी का नाम क्या है ? Shilpa,My mother is a house-wife,What is your
Daily Conversation,"मेरे पिता जी का नाम एडम है, और 1वह/वे [In","mere pitA jI kA nAma eDama hai, aura 1vaha/ve [In","some books, one can"
Daily Conversation,"मेरे पिता जी का नाम कृष्णचंद पटेल है, और वह/वे एक वैज्ञानिक हैं | Shilpa","mere pitA jI kA nAma kRRiShNachaMda paTela hai, aura vaha/ve eka vaij~nAnika haiM | Shilpa","My father's name is Krishnachand Patel, and"
Daily Conversation,आपके कितने  भाई बहन हैं ? Peter,Apake kitane  bhAI bahana haiM ? Peter,How many brothers and sisters do you have
Daily Conversation,मैं इकलौता हूँ | मेरे कोई भाई बहन नहीं हैं | Peter,I am only one,I have no brothers and sisters
Daily Conversation,क्या आपके दादा-दादी भी आपके साथ डेट्रॉइट में रहते हैं ? Shilpa,kyA Apake dAdA-dAdI bhI Apake sAtha DeTraॉiTa meM rahate haiM ? Shilpa,Do your grand-parents live with you in
Daily Conversation,"अरे वाह ! यह तो बहुत अच्छी बात है | अच्छा, फिर मिलेंगे, नमस्ते | Peter",Oh Wao,"This is a very good thing. Okay, see"
Daily Conversation,"ठीक है, बाय Shilpa","Okay,",Bye
Daily Conversation,"ओ हो ! विद्या है | नमस्ते, क्या हाल है","o ho ! vidyA hai | namaste, kyA hAla hai","Oho! It is Vidya. Hello, how are you"
Daily Conversation,"नमस्ते, सब ठीक है| तुम कैसे हो","Hello,",All is well. How are you
Daily Conversation,"मैं भी ठीक हूँ | आओ, अन्दर आओ","maiM bhI ThIka hU.N | Ao, andara Ao","I am okay too. come, come inside"
Daily Conversation,"शुक्रिया, चलो, मैं तुम्हें पूरा घर दिखाता हूँ","Thanks,","Let’s go, I will show you my whole house"
Daily Conversation,"ठीक है, चलो","Okay,",Let’s go
Daily Conversation,और ऊपर की मंज़िल पर क्या-क्या है,aura Upara kI maMzila para kyA-kyA hai,And what are there on the top floor
Daily Conversation,क्या नीचे की मंज़िल पर कोई शौचालय नहीं है,kyA nIche kI maMzila para koI shauchAlaya nahIM hai,Is there no toilet on the bottom floor
Daily Conversation,"हाँ, एक शौचालय और स्नानघर नीचे की मंज़िल पर भी है","Yes,",There is one toilet and shower at the bottom
Daily Conversation,अरे वाह ! मुझे भी बगीचा बहुत पसंद है | और तुम्हारा कमरा कहाँ है,are vAha ! mujhe bhI bagIchA bahuta pasaMda hai | aura tumhArA kamarA kahA.N hai,"O wao! I, too, like garden a lot. And where is your"
Daily Conversation,ठीक है,ThIka hai,Okay
Daily Conversation,"आओ विद्या, आज, मैं तुम्हें अपना कमरा दिखाता हूँ","Come Vidya, today,",I show you my room
Daily Conversation,चलो,chalo,Let’s go
Daily Conversation,"पढ़ाई की मेज़ पर, क्या है","parhAI kI mez para, kyA hai",What are on the study table
Daily Conversation,"पढ़ाई की मेज़ पर, एक कंप्यूटर, कुछ किताबें और एक कॉफ़ी कप है","parhAI kI mez para, eka kaMpyUTara, kuCha kitAbeM aura eka kaॉfI kapa hai","On the study table, there is a computer, a few"
Daily Conversation,इस अलमारी में क्या है,isa alamArI meM kyA hai,What is in this almirah
Daily Conversation,"जी हाँ, नया पंखा और नयी दरी भी","Yes,",New fan and new rug too
Daily Conversation,तुम्हारा कमरा बहुत बड़ा और हवादार भी है,tumhArA kamarA bahuta barA aura havAdAra bhI hai,Your room is very bog and airy too
Daily Conversation,धन्यवाद ! क्या तुम भी मुझे अपना कमरा और घर दिखाओगी,Thanks,Will you also show me your room and
Daily Conversation,"ऋतिक भाई, आप कहाँ से हैं","RRitika bhAI, Apa kahA.N se haiM","Brother Hritik, where are you from"
Daily Conversation,"मैं पटना, हिन्दुस्तान से हूँ | आप कहाँ से हैं","maiM paTanA, hindustAna se hU.N | Apa kahA.N se haiM","I am from Patna, India. Where are you from"
Daily Conversation,"जी हाँ, मैं बिहारी हूँ | आयोवा सिटी की जनसंख्या कितनी है","jI hA.N, maiM bihArI hU.N | AyovA siTI kI janasaMkhyA kitanI hai","Yes, I am a Bihari. What is the population of Iowa"
Daily Conversation,आयोवा सिटी में लगभग पचहतर हज़ार लोग रहते हैं | और पटना में,AyovA siTI meM lagabhaga pachahatara hazAra loga rahate haiM | aura paTanA meM,Approx 75 thousand people live in Iowa City. And
Daily Conversation,"हाँ, आयोवा सिटी बहुत छोटा, मगर बहुत प्यारा शहर है","Yes,","Iowa City is very small, but very lovely town"
Daily Conversation,क्या वहाँ कोई हवाई अड्डा है,kyA vahA.N koI havAI aDDA hai,Is there any airport there
Daily Conversation,"अच्छा, क्या आयोवा सिटी में, कोई नदी, झील, तालाब और पहाड़ हैं","Okay,","Is there any river, lake, pond and mountain"
Daily Conversation,"क्या आपके शहर में, डाकघर, और पुलिस थाना आदि हैं","kyA Apake shahara meM, DAkaghara, aura pulisa thAnA Adi haiM","In your town, is there a post office, and a police"
Daily Conversation,"पटना के बारे में, हम बाद में बात करें | अब क्लास का समय है",Let’s talk about Patna later,"Now, it is time for class"
Daily Conversation,"ठीक है, कोई बात नहीं","Okay,",No problem
Daily Conversation,नमस्ते भइया,namaste bhaiyA,Hello
Daily Conversation,"जी नमस्ते, आपको क्या चाहिए","jI namaste, Apako kyA chAhie","Yes, What do you want"
Daily Conversation,आपके पास कौन-कौन सी सब्ज़ियाँ हैं,Apake pAsa kauna-kauna sI sabziyA.N haiM,What types of vegetables do you have
Daily Conversation,"कोई बात नहीं, बैंगन कितने का है","koI bAta nahIM, baiMgana kitane kA hai","No problem, What is the cost of"
Daily Conversation,बैंगन 50 रूपये किलो है,baiMgana 50 rUpaye kilo hai,Eggplant is 50 rupees per kilo
Daily Conversation,मुझे लगता है कि यह बहुत महँगा है,mujhe lagatA hai ki yaha bahuta maha.NgA hai,"I think, it is quite expensive"
Daily Conversation,"अच्छा भइया, मुझे मटर, इस बाज़ार में, कहाँ मिलेगा","achChA bhaiyA, mujhe maTara, isa bAzAra meM, kahA.N milegA","Okay brother, where can I get peas in"
Daily Conversation,इस बाज़ार में तो आपको मटर कहीं नहीं मिलेगा,isa bAzAra meM to Apako maTara kahIM nahIM milegA,You will not get peas in this market
Daily Conversation,अच्छा कोई बात नहीं | आधा किलो आलू और एक किलो टमाटर दीजिए,"Okay, no problem",Please give me half
Daily Conversation,ठीक है | और कुछ,ThIka hai | aura kuCha,Okay. Anything else
Daily Conversation,क्या आपके पास फल भी हैं,kyA Apake pAsa phala bhI haiM,Do you have fruits too
Daily Conversation,"जी हाँ, मेरे पास सभी मौसमी फल हैं | आपको कौन से फल चाहिए","jI hA.N, mere pAsa sabhI mausamI phala haiM | Apako kauna se phala chAhie","Yes, I have all seasonal fruits. What"
Daily Conversation,एक दर्जन केले और एक किलो सेब दे दीजिए,eka darjana kele aura eka kilo seba de dIjie,Please give me one dozen banana and
Daily Conversation,कितना हुआ,kitanA huA,How much
Daily Conversation,एक सौ पंद्रह रूपये,eka sau paMdraha rUpaye,115 rupees
Daily Conversation,"ठीक है. यह लीजिए आपके पैसे, नमस्ते","Okay, please take your money",Bye
Daily Conversation,"आइये साहब, इस भोजनालय में आपका स्वागत है,  यहाँ बैठिये","Aiye sAhaba, isa bhojanAlaya meM ApakA svAgata hai,  yahA.N baiThiye","Please come sir, you are welcome in this"
Daily Conversation,"जी हाँ साहब ख़ाली है, आइये, वहाँ बैठिये","Yes sir, it is available",Please come sit there
Daily Conversation,"बहुत अच्छा भाई, धन्यवाद","bahuta achChA bhAI, dhanyavAda","Very well brother, thanks"
Daily Conversation,"मुझे आपके यहाँ की शरबत बहुत पसंद है | पूजा, तुम्हें क्या चाहिए ? I really like your “Sharabat.”","mujhe Apake yahA.N kI sharabata bahuta pasaMda hai | pUjA, tumheM kyA chAhie ? I really like your “Sharabat.”","Puja, what do you"
Daily Conversation,मुझे लस्सी चाहिए | मुझे आम की लस्सी बहुत पसंद है,I want lassii,I really like mango lassii
Daily Conversation,"मुझे चिकेन करी, दो रोटियाँ,और एक प्लेट चावल चाहिए","mujhe chikena karI, do roTiyA.N,aura eka pleTa chAvala chAhie","I want chicken curry, two breads, and one plate"
Daily Conversation,"मुझे पालक पनीर, और दो रोटियाँ चाहिए","mujhe pAlaka panIra, aura do roTiyA.N chAhie","I want palak paneer, and two breads"
Daily Conversation,और कुछ,aura kuCha,Anything else
Daily Conversation,"जी हाँ, मुझे एक प्लेट हरी सब्ज़ियों का सलाद भी चाहिए","Yes,",I need one plate of green vegetables’ salad
Daily Conversation,बहुत अच्छा,bahuta achChA,Very well
Daily Conversation,क्या आप को खाना पसंद आया,kyA Apa ko khAnA pasaMda AyA,Did you like the food
Daily Conversation,"जी हाँ, खाना बहुत स्वादिष्ट था","jI hA.N, khAnA bahuta svAdiShTa thA","Yes, it was delicious"
Daily Conversation,धन्यवाद मेम साहब ! आपको मीठे में क्या चाहिए,dhanyavAda mema sAhaba ! Apako mIThe meM kyA chAhie,Thanks madam! What do you like in dessert
Daily Conversation,"मुझे एक कुल्फी चाहिए | और पूजा, तुम्हें क्या चाहिए","mujhe eka kulphI chAhie | aura pUjA, tumheM kyA chAhie","I like kulfi. And Puja, what do you want"
Daily Conversation,मुझे भी कुल्फी पसंद है,mujhe bhI kulphI pasaMda hai,I like kulfi too
Daily Conversation,बहुत अच्छा साहब | मैं अभी लाता हूँ,Very well,I will bring that right away
Daily Conversation,बिल्कुल साहब,bilkula sAhaba,Sure sir
Daily Conversation,ये लीजिये साहब आपकी कुल्फियां और खाने का बिल,ye lIjiye sAhaba ApakI kulphiyAM aura khAne kA bila,Here is your kulfi and bill
Daily Conversation,कुल कितने रूपये का बिल है,kula kitane rUpaye kA bila hai,What is the total amount
Daily Conversation,180 रूपये का साहब,180 rUpaye kA sAhaba,"180 rupees, sir"
Daily Conversation,यह लो दो सौ रूपये | 20 रूपये तुम्हारे लिए,yaha lo do sau rUpaye | 20 rUpaye tumhAre lie,Please take 200 rupees. 20 rupees for you
Daily Conversation,"बेटी जेन, तुम्हारा हमारे घर में स्वागत है | यह तुम्हारा कमरा है","beTI jena, tumhArA hamAre ghara meM svAgata hai | yaha tumhArA kamarA hai","Daughter Jen, you are most welcome in our"
Daily Conversation,"धन्यवाद कमला जी, यह कमरा तो बहुत बड़ा और सुन्दर है","Thanks Kamala Ji,",This room is very big and
Daily Conversation,"माता जी, कमरा बहुत अच्छा है| मुझे इन खिड़कियों पर पर्दे चाहिए","Mother, the room is very good",I need curtains on
Daily Conversation,खिडकियों पर पर्दे हैं| मगर अभी धुलने के लिए उतारे गये हैं,There are curtains on these windows,But right
Daily Conversation,अच्छा | मुझे एक टेबल लैंप भी चाहिए,Great,I also need a table lamp
Daily Conversation,नहीं और कुछ नहीं | धन्यवाद,Nothing at all,Thanks
Daily Conversation,"अच्छा बेटी, क्या तुम्हें हिन्दुस्तानी खाना पसंद है","achChA beTI, kyA tumheM hindustAnI khAnA pasaMda hai","Okay daughter, do you like Indian food"
Daily Conversation,"जी हाँ, कमला जी, मुझे हिन्दुस्तानी खाना बहुत पसंद है","Yes,","Kamala ji, I like Indian food very much"
Daily Conversation,अच्छा | और तुम्हें सुबह-सुबह चाय चाहिए या कॉफ़ी,achChA | aura tumheM subaha-subaha chAya chAhie yA kaॉfI,Okay. Do you like tea or coffee in the morning
Daily Conversation,आप लोग क्या पीते हैं,Apa loga kyA pIte haiM,What do you all drink
Daily Conversation,"हम लोग तो चाय पीते हैं ? मगर घर में, कॉफ़ी मशीन भी है",We drink tea,But we have coffee machine in the
Daily Conversation,बहुत अच्छा ! मैं आप लोगों के साथ सुबह सुबह चाय पीना चाहती हूँ,Very well,I would like to drink tea in the
Daily Conversation,"ठीक है कमला जी, और आपके परिवार के और लोग कहाँ हैं","ThIka hai kamalA jI, aura Apake parivAra ke aura loga kahA.N haiM",Okay Kamala ji. Where are the other members of
Daily Conversation,"ठीक है, कमला जी | आपका बहुत बहुत  धन्यवाद","ThIka hai, kamalA jI | ApakA bahuta bahuta  dhanyavAda",Okay Kamala ji. Thanks to you
Daily Conversation,"नमस्ते जी, क्या आपके पास airtel का सिम कार्ड है","namaste jI, kyA Apake pAsa airtel kA sima kArDa hai","Namaste ji, do you have airtel sim card"
Daily Conversation,"जी हाँ, यहाँ आपको सभी कम्पनीयों के सिम कार्ड मिलेंगे","jI hA.N, yahA.N Apako sabhI kampanIyoM ke sima kArDa mileMge","Yes, here, you will sim card of all the"
Daily Conversation,मुझे airtel का एक सिम कार्ड चाहिए,mujhe airtel kA eka sima kArDa chAhie,I just need one airtel sim card
Daily Conversation,"ठीक है, क्या आपके पास कोई फ़ोटो वाली पहचान कार्ड है","Okay,",Do you have any photo identity
Daily Conversation,"जी हाँ, मेरे पास मेरा पासपोर्ट है","Yes,",I have my passport
Daily Conversation,बहुत अच्छा | क्या आपके पास आपका कोई फ़ोटो है,bahuta achChA | kyA Apake pAsa ApakA koI foTo hai,"Very good, do you have a photo"
Daily Conversation,अरे वाह ! यह बहुत अच्छी बात है | आपको सिम कार्ड में कितने पैसे चाहिए,are vAha ! yaha bahuta achChI bAta hai | Apako sima kArDa meM kitane paise chAhie,Wonderful! This is good. How much
Daily Conversation,मुझे मालूम नहीं | क्या आप मुझे इसके बारे में बता सकते हैं,I don’t know,Can you tell me more about
Daily Conversation,ठीक है| मुझे भी ये दोनों चाहिए,Okay,I need both of these
Daily Conversation,बहुत अच्छा | यह लीजिये आपका सिम कार्ड,Very well,Here is your sim card
Daily Conversation,कितने पैसे हुए,kitane paise hue,How much money
Daily Conversation,पांच सौ पचास रूपये,pAMcha sau pachAsa rUpaye,550
Daily Conversation,"अरे भाई, सिर्फ़ पांच सौ रूपये हुए ना","are bhAI, sirf pAMcha sau rUpaye hue nA","Oh brother, is it not 500 rupees only"
Daily Conversation,"नहीं मैडम, पचास रूपये सिम शुरू करने का चार्ज है","nahIM maiDama, pachAsa rUpaye sima shurU karane kA chArja hai","No madam, 50 rupees is service charge to"
Daily Conversation,अच्छा ठीक है| यह लीजिये आपके पांच सौ पचास रूपये,"Okay, alright",Please take this 550 rupees
Daily Conversation,"बहुत अच्छा, धन्यवाद","bahuta achChA, dhanyavAda","Very good, thanks"
Daily Conversation,कैसे हो ऋतिक,kaise ho RRitika,How are your Hritik
Daily Conversation,मैं ठीक हूँ | धन्यवाद | तुम कैसी हो,maiM ThIka hU.N | dhanyavAda | tuma kaisI ho,I am fine. Thanks. How are you
Daily Conversation,मैं भी ठीक हूँ | धन्यवाद | आज तुम्हारे लंच बॉक्स में क्या है,maiM bhI ThIka hU.N | dhanyavAda | Aja tumhAre laMcha baॉksa meM kyA hai,I am good as well. Thanks. What is in your lunch
Daily Conversation,आज मेरे लंच बॉक्स में रोटी और सब्ज़ी है,Aja mere laMcha baॉksa meM roTI aura sabzI hai,I have break and vegetable in my lunch box today
Daily Conversation,क्या यह तुम्हारा पसंदीदा खाना है,kyA yaha tumhArA pasaMdIdA khAnA hai,Is this your favorite food
Daily Conversation,"नहीं, मुझे खिचड़ी बहुत पसंद है","No,",I like khichadi a lot
Daily Conversation,अरे यह तो बहुत आसान है,are yaha to bahuta AsAna hai,This is very easy
Daily Conversation,क्या तुम मुझे इसे बनाने की विधि बता सकते हो,kyA tuma mujhe ise banAne kI vidhi batA sakate ho,Can you tell me the recipe of it
Daily Conversation,यह तो बहुत आसान है | मैं आज ही इसे बनाने की कोशिश करूँगी,This is very easy,I will try to cook it today
Daily Conversation,"अच्छा विद्या, तुम्हारा पसंदीदा खाना क्या है","achChA vidyA, tumhArA pasaMdIdA khAnA kyA hai","Okay Vidya, what is your favorite food"
Daily Conversation,मुझे तो चिकेन करी बहुत पसंद है,mujhe to chikena karI bahuta pasaMda hai,I like chicken curry a lot
Daily Conversation,क्या तुम मुझे चिकेन करी बनाने की विधि बता सकती हो,kyA tuma mujhe chikena karI banAne kI vidhi batA sakatI ho,Can you tell me the recipe of the chicken curry
Daily Conversation,"हाँ, क्यों नहीं ? लेकिन आज नहीं, कल","Yes, why not","But not today, tomorrow"
Daily Conversation,ठीक है | फिर मिलेंगे,ThIka hai | phira mileMge,"Okay, see you again"
Daily Conversation,हैलो शिल्पा,hailo shilpA,Hello Shilpa
Daily Conversation,"हैलो पीटर, क्या बात है ? तुम कहाँ हो","hailo pITara, kyA bAta hai ? tuma kahA.N ho","Hello Peter, What is the matter? Where are you"
Daily Conversation,"हाँ, मैं ख़ाली हूँ | मगर मुझे वहाँ का रास्ता मालूम नहीं","Yes,",I am available. But I don’t know the direction
Daily Conversation,अभी तुम कहाँ हो,abhI tuma kahA.N ho,Where are you right now
Daily Conversation,मैं अभी Wells Hall में हूँ,maiM abhI Wells Hall meM hU.N,I am in  Wells Hall right now
Daily Conversation,बहुत अच्छा | मैं थोड़ी देर में वहाँ आती हूँ,Very well,I come there in a little bit
Daily Conversation,"ठीक है, मैं तुम्हारा इंतज़ार कर रहा हूँ","Okay,",I am waiting for you
Daily Conversation,"पीटर, तुम अपने फ़ोन पर क्या करते रहते हो","pITara, tuma apane fona para kyA karate rahate ho","Peter, what do you keep doing on your phone"
Daily Conversation,मैं अपना फ़ेसबुक देखता रहता हूँ,maiM apanA fesabuka dekhatA rahatA hU.N,I keep checking my facebook
Daily Conversation,यह फ़ेसबुक क्या है,yaha fesabuka kyA hai,What is this facebook
Daily Conversation,"हाँ, ज़रूर, क्या तुम्हारा कोई ई.मेल अड्रेस है","hA.N, zrUra, kyA tumhArA koI I.mela aDresa hai","Yes, indeed, do you have any e.mail. address"
Daily Conversation,"हाँ, मेरा gmail पर एक खाता है","Yes,",I have an account on gmail
Daily Conversation,अरे वाह ! यह तो बहुत आसान है | फिर क्या करना है,are vAha ! yaha to bahuta AsAna hai | phira kyA karanA hai,Oh wao! This is so easy. Then what do I have to
Daily Conversation,बहुत अच्छा ! मैं आज ही फ़ेसबुक पर खाता खोल कर तुम्हें,bahuta achChA ! maiM Aja hI fesabuka para khAtA khola kara tumheM,friend
Daily Conversation,"बहुत अच्छा, फिर हम फ़ेसबुक पर बात करेंगे","bahuta achChA, phira hama fesabuka para bAta kareMge","Very well, then we will chat on facebook"
Daily Conversation,"शुभ प्रात:, माता जी, आप क्या बना रही हैं","shubha prAta:, mAtA jI, Apa kyA banA rahI haiM","Good morning, mother, what are you making"
Daily Conversation,यह तो बहुत अच्छी बात है | मैं चाय बनाना सीखना चाहती हूँ,This is great,I want to learn how to make chai
Daily Conversation,"कमला जी, यह अब उबल रहा है","kamalA jI, yaha aba ubala rahA hai","Kamala ji, this is boiling now"
Daily Conversation,अब आंच कम कीजिये और इसे थोड़ा ठंडा होने दीजिये,aba AMcha kama kIjiye aura ise thorA ThaMDA hone dIjiye,Now please lower the heat and let it cool down a little
Daily Conversation,"कमला जी, यह अब थोड़ा ठंडा हो गया है","kamalA jI, yaha aba thorA ThaMDA ho gayA hai","Kamala ji, it gets cooler a little"
Daily Conversation,हो गया,ho gayA,done
Daily Conversation,यह मेरी ज़िन्दगी का सबसे पहला चाय है जो मैंने ख़ुद बनाया है,Khud,This is the first tea that I have made my own in my life
Daily Conversation,अगर मैं हर दिन इस समय जाग पायी तो,agara maiM hara dina isa samaya jAga pAyI to,If I get up this time everyday
Daily Conversation,"पीटर भाई, नमस्ते, क्या हाल है","pITara bhAI, namaste, kyA hAla hai","Brother Peter, namaste, how are you"
Daily Conversation,"कहो, मैं तुम्हारी क्या मदद कर सकता हूँ","kaho, maiM tumhArI kyA madada kara sakatA hU.N","Tell, How can I help you"
Daily Conversation,मुझे एक छात्रवृत्ति मिली है | मगर मेरा बैंक में खाता नहीं है,I have received a scholarship,"But, I do not have my"
Daily Conversation,"बधाई हो | बैंक में खाता खोलने में, मैं तुम्हारी मदद करूँगा",Congratulations,I will help you to open a bank
Daily Conversation,ठीक है | धन्यवाद | मुझे क्या करना होगा,ThIka hai | dhanyavAda | mujhe kyA karanA hogA,Okay. Thank you. What will I have to do
Daily Conversation,कल तुम एक बैंक से खाता खोलने वाला आवेदन पत्र लाओ,kala tuma eka baiMka se khAtA kholane vAlA Avedana patra lAo,Bring an application form to open a bank account
Daily Conversation,ठीक है| मुझे और किन चीजों की ज़रूरत होगी,ThIka hai| mujhe aura kina chIjoM kI zrUrata hogI,Okay. What else will I need
Daily Conversation,"तुम्हें दो फ़ोटो, आधार कार्ड, और एक ग्रान्टर चाहिए","tumheM do foTo, AdhAra kArDa, aura eka grAnTara chAhie","You need two photos, aadhar card, and a"
Daily Conversation,"कोई बात नहीं, अपना पासपोर्ट लाओ",No worries,Bring your passport
Daily Conversation,ठीक है | मगर ग्रान्टर कौन होगा,ThIka hai | magara grAnTara kauna hogA,"Okay. But, who will be the guarantor"
Daily Conversation,मेरा बैंक में खाता है | मैं तुम्हारा ग्रान्टर बन सकता हूँ,I have a bank account,I can be your guarantor
Daily Conversation,"ठीक है, हम कल मिलेंगे",Okay,We will meet tomorrow
Daily Conversation,"कैसी हो, शिल्पा ? सुना कि तुम और पीटर फ़िल्म देखने गये थे","How are you,",Shilpa? I heard that you and peter
Daily Conversation,जो फ़िल्म तुम और पीटर देखने गये थे,jo filma tuma aura pITara dekhane gaye the,The film that you and peter had gone to watch
Daily Conversation,अरे वाह ! यह तो Love triangle लगता है,Wao,This seems like a love triangle
Daily Conversation,"पीटर, तुम्हें क्रिसमस की हार्दिक शुभकामनायें","Peter,",Merry Christmas to you
Daily Conversation,"नहीं, मेरा पसंदीदा त्योहार दिवाली है","No,",My favorite festival is Diwali
Daily Conversation,"अच्छा, तुम दिवाली कैसे मनाती हो","achChA, tuma divAlI kaise manAtI ho",Okay. How do you celebrate Diwali
Daily Conversation,मुझे तो छठ पूजा बहुत पसंद है,mujhe to ChaTha pUjA bahuta pasaMda hai,I really like Chhath pooja
Daily Conversation,क्या तुम मुझे छठ पूजा में अपने घर बुलाओगे,kyA tuma mujhe ChaTha pUjA meM apane ghara bulAoge,Will you invite me to your home on Chhath pooja
Daily Conversation,"हाँ बिल्कुल, अगले छठ पूजा में तुम मेरे घर ज़रूर आना","hA.N bilkula, agale ChaTha pUjA meM tuma mere ghara zrUra AnA","Yes, of course, you must come to my home on next"
Daily Conversation,और मैं,aura maiM,And me
Daily Conversation,तुम्हारा भी स्वागत है,tumhArA bhI svAgata hai,You are also welcome
Daily Conversation,"नमस्ते माँ, तुम कैसी हो और अभी क्या कर रही हो","namaste mA.N, tuma kaisI ho aura abhI kyA kara rahI ho","Hello mother, how are you and what are you"
Daily Conversation,"मैं भी अच्छी हूँ, माँ | मैं हमारी यात्रा की योजना बना रही हूँ","I am well too, mother",I am making our travel
Daily Conversation,क्या हम जामा मस्जिद भी देखेंगी,kyA hama jAmA masjida bhI dekheMgI,Will we visit Jama masjid too
Daily Conversation,"जी हाँ, जामा मस्जिद, लाल क़िला के पास ही है","Yes,",Jama masjid is near by the red fort
Daily Conversation,बहुत अच्छा | उसके बाद हम कहाँ जायेंगी,bahuta achChA | usake bAda hama kahA.N jAyeMgI,Very well. Where will we go after that
Daily Conversation,मैंने सुना है कि राजस्थानी हस्तशिल्प बहुत मशहूर है,maiMne sunA hai ki rAjasthAnI hastashilpa bahuta mashahUra hai,I have heard that Rajasthani handicraft is very
Daily Conversation,अरे वाह ! मैंने सुना है कि वह परेड बहुत नाटकीय है,Wao,I have heard that the parade is very
Daily Conversation,यह तो बहुत अच्छी योजना है | तुम्हें अमेरिका से कुछ चाहिए,yaha to bahuta achChI yojanA hai | tumheM amerikA se kuCha chAhie,This is such a good plan. Do you need
Daily Conversation,"ठीक है बेटी, मैं तुमसे दिल्ली हवाईअड्डे पर मिलूँगी","Okay daughter,",I will see you at Delhi airport
Daily Conversation,"नमस्ते शिल्पा, तुम कैसी हो","namaste shilpA, tuma kaisI ho","Hello Shilpa, How are you"
Daily Conversation,मैं अच्छी हूँ | तुम कैसे हो,I am well,How are you
Daily Conversation,मैं भी अच्छा हूँ| तुम्हारी गर्मी की छुट्टियाँ कैसी थीं,maiM bhI achChA hU.N| tumhArI garmI kI ChuTTiyA.N kaisI thIM,"I, too, am well. How was your summer vacation"
Daily Conversation,अरे वाह ! हैदराबाद में तुम लोगों ने क्या – क्या किया,Oh wao,What did you do in Hyderabad
Daily Conversation,अरे वाह ! और ऋतिक तुम ने गर्मी की छुट्टियों में क्या किया,are vAha ! aura RRitika tuma ne garmI kI ChuTTiyoM meM kyA kiyA,"Oh wao! and Hritik, what did you do during the"
Daily Conversation,मैं घर पर ही था | मैंने  खाना पकाना सिखा,I was at home,I learnt how to cook
Daily Conversation,"हाँ, क्यों नहीं","hA.N, kyoM nahIM","Yes, why not"
Daily Conversation,"नमस्ते ऋतिक, स्वतंत्रता दिवस की हार्दिक शुभकामनाएँ","namaste RRitika, svataMtratA divasa kI hArdika shubhakAmanAe.N","Hello Hritik, happy independence day"
Daily Conversation,"क्या बताऊँ? मेरी कोई योजना नहीं है | शायद, मैं घर जाके सोऊँ",What to tell,"I have no plans. Perhaps, I might"
Daily Conversation,अगर तुम चाहो तो हमारे साथ चल सकते हो,agara tuma chAho to hamAre sAtha chala sakate ho,If you want you can come with us
Daily Conversation,अरे वाह ! इंडिया में और कौन – कौन से राष्ट्रीय त्योहार हैं,are vAha ! iMDiyA meM aura kauna – kauna se rAShTrIya tyohAra haiM,Oh Wao! What are the other national festivals
Daily Conversation,"बहुत अच्छा ! शायद, मैं भी २ अक्टूबर को इन जगहों पर जाऊँ",Very well,"Perhaps, I too will go to these places"
Daily Conversation,"जन्मदिन मुबारक हो, विद्या","janmadina mubAraka ho, vidyA",Happy birthday Vidya
Daily Conversation,धन्यवाद ! तुम लोगों को भी स्वतंत्रता दिवस की शुभकामनाएँ,Thanks,Happy independence day to you all
